{
    "covariance": [
        [
            0.02981317277356151,
            -0.005674534819245476
        ],
        [
            -0.005674534819245476,
            0.021285098672903117
        ]
    ],
    "center_x": -0.003116940886868473,
    "center_y": -0.022387533336900897
}