{
    "covariance": [
        [
            0.30595408758891857,
            -0.006423273190272681
        ],
        [
            -0.006423273190272681,
            0.1144009224448735
        ]
    ],
    "center_x": 0.04093191269565441,
    "center_y": -0.005284534559493727
}